Treatment,Type,Label,Mutation,Locus tag,Annotation,Function
PG,population,4,frameshift variant c.117delG p.Gly41fs,PROKKA_01659,hemY,Protoporphyrinogen oxidase
PG,colony,4-s-c1,frameshift variant c.117delG p.Gly41fs,PROKKA_01659,hemY,Protoporphyrinogen oxidase
PG,population,32,frameshift variant c.117delG p.Gly41fs,PROKKA_01659,hemY,Protoporphyrinogen oxidase
PG,colony,32-s-c1,frameshift variant c.117delG p.Gly41fs,PROKKA_01659,hemY,Protoporphyrinogen oxidase
PG,population,4,stop gained c.991A>T p.Lys331*,PROKKA_01871,cls2,Cardiolipin synthase
PG,colony,4-s-c1,stop gained c.991A>T p.Lys331*,PROKKA_01871,cls2,Cardiolipin synthase
PG,population,32,frameshift variant c.786delA p.Lys262fs,PROKKA_01871,cls2,Cardiolipin synthase
PG,colony,32-s-c1,frameshift variant c.786delA p.Lys262fs,PROKKA_01871,cls2,Cardiolipin synthase
PG,colony,32-s-c1,missense variant c.515C>T p.Pro172Leu,PROKKA_01192,parE,DNA topoisomerase 4 subunit B
PG,population,33,stop lost c.1485A>T p.Ter495Tyrext*?,PROKKA_01871,cls2,Cardiolipin synthase
PG,colony,33-s-c1,stop lost c.1485A>T p.Ter495Tyrext*?,PROKKA_01871,cls2,Cardiolipin synthase
PG,population,33,stop gained c.703C>T p.Gln235*,PROKKA_01660,hemH,Ferrochelatase
PG,colony,33-s-c1,stop gained c.703C>T p.Gln235*,PROKKA_01660,hemH,Ferrochelatase
PG,population,33,g.2185374C>T,intergenic,-,-
PG,colony,33-s-c1,g.2185374C>T,intergenic,-,-
BAC,population,14,g.687271T>A,intergenic,-,-
BAC,colony,14-s-c2,g.687271T>A,intergenic,-,-
BAC,population,7,g.687271T>A,intergenic,-,-
BAC,colony,7-s-c1,g.687271T>A,intergenic,-,-
BAC,population,14,missense variant c.477C>G p.Asp159Glu,PROKKA_02369,-,Baeyer-Villiger flavin-containing monooxygenase
BAC,colony,14-s-c2,missense variant c.477C>G p.Asp159Glu,PROKKA_02369,-,Baeyer-Villiger flavin-containing monooxygenase
BAC,population,7,missense variant c.477C>G p.Asp159Glu,PROKKA_02369,-,Baeyer-Villiger flavin-containing monooxygenase
BAC,colony,7-s-c1,missense variant c.477C>G p.Asp159Glu,PROKKA_02369,-,Baeyer-Villiger flavin-containing monooxygenase
BAC,colony,14-s-c2,missense variant c.636G>T p.Gln212His,PROKKA_01209,trpB,Tryptophan synthase beta chain
BAC,colony,14-s-c2,frameshift variant c.618dupT p.Arg207fs,PROKKA_01818,agrA,Accessory gene regulator protein A
BAC,colony,14-s-c2,missense variant & inframe deletion c.622_630delCATAATATTinsTCTTTCp.His208_Ile210delinsSerPhe,PROKKA_01818,agrA,Accessory gene regulator protein A
BAC,colony,14-s-c2,missense variant c.778G>A p.Ala260Thr,PROKKA_01862,kdpD,Sensor protein KdpD
BAC,colony,7-s-c1,synonymous variant c.591G>A p.Gln197Gln,PROKKA_01039,-,hypothetical protein
BAC,colony,7-s-c1,missense variant c.684A>T p.Glu228Asp,PROKKA_01817,dpiB,Sensor histidine kinase DpiB
BAC,colony,7-s-c1,synonymous variant c.525T>A p.Thr175Thr,PROKKA_01929,czcD,"Cadmium, cobalt and zinc/H( )-K( ) antiporter"
BAC,population,35,missense variant c.277G>A p.Ala93Thr,PROKKA_01081,topA,DNA topoisomerase 1
BAC,colony,35-s-c2,missense variant c.277G>A p.Ala93Thr,PROKKA_01081,topA,DNA topoisomerase 1
BAC,population,35,synonymous variant c.804T>A p.Ile268Ile,PROKKA_01457,-,putative AAA domain-containing protein
BAC,colony,35-s-c2,synonymous variant c.804T>A p.Ile268Ile,PROKKA_01457,-,putative AAA domain-containing protein
BAC,population,35,stop gained c.2035C>T p.Gln679*,PROKKA_01463,relA,GTP pyrophosphokinase
BAC,colony,35-s-c2,stop gained c.2035C>T p.Gln679*,PROKKA_01463,relA,GTP pyrophosphokinase
CON,population,11,g.1960175G>A,intergenic,-,-
